-- --------------------------------------------------------
-- Host:                         127.0.0.1
-- Server version:               8.0.30 - MySQL Community Server - GPL
-- Server OS:                    Win64
-- HeidiSQL Version:             12.1.0.6537
-- --------------------------------------------------------

/*!40101 SET @OLD_CHARACTER_SET_CLIENT=@@CHARACTER_SET_CLIENT */;
/*!40101 SET NAMES utf8 */;
/*!50503 SET NAMES utf8mb4 */;
/*!40103 SET @OLD_TIME_ZONE=@@TIME_ZONE */;
/*!40103 SET TIME_ZONE='+00:00' */;
/*!40014 SET @OLD_FOREIGN_KEY_CHECKS=@@FOREIGN_KEY_CHECKS, FOREIGN_KEY_CHECKS=0 */;
/*!40101 SET @OLD_SQL_MODE=@@SQL_MODE, SQL_MODE='NO_AUTO_VALUE_ON_ZERO' */;
/*!40111 SET @OLD_SQL_NOTES=@@SQL_NOTES, SQL_NOTES=0 */;


-- Dumping database structure for pa_maps1
CREATE DATABASE IF NOT EXISTS `pa_maps1` /*!40100 DEFAULT CHARACTER SET utf8mb4 COLLATE utf8mb4_0900_ai_ci */ /*!80016 DEFAULT ENCRYPTION='N' */;
USE `pa_maps1`;

-- Dumping structure for table pa_maps1.failed_jobs
CREATE TABLE IF NOT EXISTS `failed_jobs` (
  `id` bigint unsigned NOT NULL AUTO_INCREMENT,
  `uuid` varchar(255) COLLATE utf8mb4_unicode_ci NOT NULL,
  `connection` text COLLATE utf8mb4_unicode_ci NOT NULL,
  `queue` text COLLATE utf8mb4_unicode_ci NOT NULL,
  `payload` longtext COLLATE utf8mb4_unicode_ci NOT NULL,
  `exception` longtext COLLATE utf8mb4_unicode_ci NOT NULL,
  `failed_at` timestamp NOT NULL DEFAULT CURRENT_TIMESTAMP,
  PRIMARY KEY (`id`),
  UNIQUE KEY `failed_jobs_uuid_unique` (`uuid`)
) ENGINE=InnoDB DEFAULT CHARSET=utf8mb4 COLLATE=utf8mb4_unicode_ci;

-- Dumping data for table pa_maps1.failed_jobs: ~0 rows (approximately)

-- Dumping structure for table pa_maps1.kasus_penyakits
CREATE TABLE IF NOT EXISTS `kasus_penyakits` (
  `id` bigint unsigned NOT NULL AUTO_INCREMENT,
  `tahun_id` bigint unsigned NOT NULL,
  `kecamatan_id` bigint unsigned NOT NULL,
  `penyakit_id` bigint unsigned NOT NULL,
  `terjangkit` int NOT NULL,
  `created_at` timestamp NULL DEFAULT NULL,
  `updated_at` timestamp NULL DEFAULT NULL,
  PRIMARY KEY (`id`),
  KEY `kasus_penyakits_tahun_id_foreign` (`tahun_id`),
  KEY `kasus_penyakits_kecamatan_id_foreign` (`kecamatan_id`),
  KEY `kasus_penyakits_penyakit_id_foreign` (`penyakit_id`),
  CONSTRAINT `kasus_penyakits_kecamatan_id_foreign` FOREIGN KEY (`kecamatan_id`) REFERENCES `kecamatans` (`id`) ON DELETE CASCADE,
  CONSTRAINT `kasus_penyakits_penyakit_id_foreign` FOREIGN KEY (`penyakit_id`) REFERENCES `penyakits` (`id`) ON DELETE CASCADE,
  CONSTRAINT `kasus_penyakits_tahun_id_foreign` FOREIGN KEY (`tahun_id`) REFERENCES `tahuns` (`id`) ON DELETE CASCADE
) ENGINE=InnoDB AUTO_INCREMENT=568 DEFAULT CHARSET=utf8mb4 COLLATE=utf8mb4_unicode_ci;

-- Dumping data for table pa_maps1.kasus_penyakits: ~567 rows (approximately)
INSERT INTO `kasus_penyakits` (`id`, `tahun_id`, `kecamatan_id`, `penyakit_id`, `terjangkit`, `created_at`, `updated_at`) VALUES
	(1, 1, 1, 5, 24, '2024-08-13 05:11:36', '2024-08-13 19:28:00'),
	(2, 1, 2, 5, 27, '2024-08-13 19:18:08', '2024-08-13 19:28:07'),
	(3, 1, 3, 5, 134, '2024-08-13 19:18:42', '2024-08-13 19:28:13'),
	(4, 1, 4, 5, 69, '2024-08-13 19:19:02', '2024-08-13 19:19:02'),
	(5, 1, 5, 5, 120, '2024-08-13 19:19:22', '2024-08-13 19:19:22'),
	(6, 1, 6, 5, 42, '2024-08-13 19:19:59', '2024-08-13 19:19:59'),
	(7, 1, 7, 5, 91, '2024-08-13 19:20:35', '2024-08-13 19:20:35'),
	(8, 1, 8, 5, 85, '2024-08-13 19:21:08', '2024-08-13 19:22:42'),
	(9, 1, 9, 5, 69, '2024-08-13 19:22:22', '2024-08-13 19:22:22'),
	(10, 1, 10, 5, 191, '2024-08-13 19:23:17', '2024-08-13 19:23:17'),
	(11, 1, 11, 5, 67, '2024-08-13 19:24:24', '2024-08-13 19:24:24'),
	(12, 1, 12, 5, 93, '2024-08-13 19:24:54', '2024-08-13 19:26:20'),
	(13, 1, 13, 5, 463, '2024-08-13 19:26:44', '2024-08-13 19:26:44'),
	(14, 1, 14, 5, 28, '2024-08-13 19:27:09', '2024-08-13 19:27:09'),
	(15, 1, 15, 5, 75, '2024-08-13 19:27:51', '2024-08-13 19:36:33'),
	(16, 1, 16, 5, 39, '2024-08-13 20:05:07', '2024-08-13 20:05:07'),
	(17, 1, 17, 5, 58, '2024-08-13 20:05:30', '2024-08-13 20:05:30'),
	(18, 1, 18, 5, 51, '2024-08-13 20:05:49', '2024-08-13 20:05:49'),
	(19, 1, 19, 5, 61, '2024-08-13 20:06:09', '2024-08-13 20:06:09'),
	(20, 1, 20, 5, 43, '2024-08-13 20:06:28', '2024-08-13 20:06:28'),
	(21, 1, 21, 5, 51, '2024-08-13 20:15:18', '2024-08-13 20:15:18'),
	(22, 1, 22, 5, 52, '2024-08-13 20:15:42', '2024-08-13 20:15:42'),
	(23, 1, 23, 5, 35, '2024-08-13 20:16:00', '2024-08-13 20:16:00'),
	(24, 1, 24, 5, 53, '2024-08-13 20:16:20', '2024-08-13 20:16:20'),
	(25, 1, 25, 5, 47, '2024-08-13 20:16:34', '2024-08-13 20:16:34'),
	(26, 1, 26, 5, 130, '2024-08-13 20:17:58', '2024-08-13 20:17:58'),
	(27, 1, 27, 5, 56, '2024-08-13 20:18:19', '2024-08-13 20:18:19'),
	(28, 1, 1, 4, 0, '2024-08-13 20:21:50', '2024-08-13 20:21:50'),
	(29, 1, 2, 4, 1, '2024-08-13 20:22:19', '2024-08-13 20:22:19'),
	(30, 1, 3, 4, 2, '2024-08-13 20:23:26', '2024-08-13 20:23:26'),
	(31, 1, 4, 4, 5, '2024-08-13 20:26:07', '2024-08-13 20:26:07'),
	(32, 1, 5, 4, 3, '2024-08-13 20:26:38', '2024-08-13 20:26:38'),
	(33, 1, 6, 4, 3, '2024-08-13 20:45:58', '2024-08-13 20:45:58'),
	(34, 1, 7, 4, 6, '2024-08-13 20:46:20', '2024-08-13 20:46:20'),
	(35, 1, 8, 4, 2, '2024-08-13 20:46:48', '2024-08-13 20:46:48'),
	(36, 1, 9, 4, 4, '2024-08-13 20:47:23', '2024-08-13 20:47:23'),
	(37, 1, 10, 4, 4, '2024-08-13 20:47:43', '2024-08-13 20:47:43'),
	(38, 1, 11, 4, 3, '2024-08-13 20:48:28', '2024-08-13 20:48:28'),
	(39, 1, 12, 4, 6, '2024-08-13 20:48:55', '2024-08-13 20:48:55'),
	(40, 1, 13, 4, 3, '2024-08-13 21:01:42', '2024-08-13 21:01:42'),
	(41, 1, 14, 4, 5, '2024-08-13 21:02:02', '2024-08-13 21:02:02'),
	(42, 1, 15, 4, 2, '2024-08-13 21:02:37', '2024-08-13 21:02:37'),
	(43, 1, 16, 4, 2, '2024-08-13 21:03:15', '2024-08-13 21:03:15'),
	(44, 1, 17, 4, 1, '2024-08-13 21:03:31', '2024-08-13 21:03:31'),
	(45, 1, 18, 4, 3, '2024-08-13 21:03:54', '2024-08-13 21:03:54'),
	(46, 1, 19, 4, 0, '2024-08-13 21:04:12', '2024-08-13 21:04:12'),
	(47, 1, 20, 4, 1, '2024-08-13 21:04:36', '2024-08-13 21:04:36'),
	(48, 1, 21, 4, 4, '2024-08-13 21:04:54', '2024-08-13 21:04:54'),
	(49, 1, 22, 4, 3, '2024-08-13 21:05:23', '2024-08-13 21:05:23'),
	(50, 1, 23, 4, 0, '2024-08-13 21:05:40', '2024-08-13 21:05:40'),
	(51, 1, 24, 4, 5, '2024-08-13 21:06:36', '2024-08-13 21:06:36'),
	(52, 1, 25, 4, 4, '2024-08-13 21:06:55', '2024-08-13 21:06:55'),
	(53, 1, 26, 4, 2, '2024-08-13 21:07:17', '2024-08-13 21:07:17'),
	(54, 1, 27, 4, 3, '2024-08-13 21:07:37', '2024-08-13 21:07:37'),
	(55, 1, 1, 1, 1, '2024-08-14 01:21:58', '2024-08-14 01:21:58'),
	(56, 1, 2, 1, 1, '2024-08-14 08:30:52', '2024-08-14 08:30:53'),
	(57, 1, 3, 1, 4, '2024-08-14 08:30:54', '2024-08-14 08:30:55'),
	(58, 1, 4, 1, 4, '2024-08-14 08:30:56', '2024-08-14 08:30:57'),
	(59, 1, 5, 1, 5, '2024-08-14 08:30:58', '2024-08-14 08:30:59'),
	(60, 1, 6, 1, 3, '2024-08-14 08:30:59', '2024-08-14 08:31:00'),
	(61, 1, 7, 1, 3, '2024-08-14 08:31:01', '2024-08-14 08:31:02'),
	(62, 1, 8, 1, 6, '2024-08-14 08:31:03', '2024-08-14 08:31:04'),
	(63, 1, 9, 1, 0, '2024-08-14 08:31:04', '2024-08-14 08:31:05'),
	(64, 1, 10, 1, 18, '2024-08-14 08:31:06', '2024-08-14 08:31:07'),
	(65, 1, 11, 1, 7, '2024-08-14 08:31:07', '2024-08-14 08:31:08'),
	(66, 1, 12, 1, 3, '2024-08-14 08:31:09', '2024-08-14 08:31:10'),
	(67, 1, 13, 1, 10, '2024-08-14 08:31:11', '2024-08-14 08:31:11'),
	(68, 1, 14, 1, 3, '2024-08-14 08:31:12', '2024-08-14 08:31:13'),
	(69, 1, 15, 1, 0, '2024-08-14 08:31:14', '2024-08-14 08:31:15'),
	(70, 1, 16, 1, 8, '2024-08-14 08:31:16', '2024-08-14 08:31:17'),
	(71, 1, 17, 1, 3, '2024-08-14 08:31:17', '2024-08-14 08:31:18'),
	(72, 1, 18, 1, 4, '2024-08-14 08:31:18', '2024-08-14 08:31:19'),
	(73, 1, 19, 1, 3, '2024-08-14 08:31:20', '2024-08-14 08:31:20'),
	(74, 1, 20, 1, 4, '2024-08-14 08:31:21', '2024-08-14 08:31:21'),
	(75, 1, 21, 1, 5, '2024-08-14 08:31:22', '2024-08-14 08:31:23'),
	(76, 1, 22, 1, 0, '2024-08-14 08:31:23', '2024-08-14 08:31:24'),
	(77, 1, 23, 1, 1, '2024-08-14 08:31:24', '2024-08-14 08:31:25'),
	(78, 1, 24, 1, 1, '2024-08-14 08:31:27', '2024-08-14 08:31:27'),
	(79, 1, 25, 1, 3, '2024-08-14 08:31:28', '2024-08-14 08:31:29'),
	(80, 1, 26, 1, 11, '2024-08-14 08:31:29', '2024-08-14 08:31:30'),
	(81, 1, 27, 1, 1, '2024-08-14 08:31:31', '2024-08-14 08:31:31'),
	(82, 1, 1, 3, 4, '2024-08-14 08:40:57', '2024-08-14 08:40:57'),
	(83, 1, 2, 3, 3, '2024-08-14 08:40:58', '2024-08-14 08:40:59'),
	(84, 1, 3, 3, 13, '2024-08-14 08:41:00', '2024-08-14 08:41:00'),
	(85, 1, 4, 3, 13, '2024-08-14 08:41:01', '2024-08-14 08:41:02'),
	(86, 1, 5, 3, 10, '2024-08-14 08:41:02', '2024-08-14 08:41:03'),
	(87, 1, 6, 3, 18, '2024-08-14 08:41:03', '2024-08-14 08:41:04'),
	(88, 1, 7, 3, 24, '2024-08-14 08:41:04', '2024-08-14 08:41:05'),
	(89, 1, 8, 3, 11, '2024-08-14 08:41:06', '2024-08-14 08:41:06'),
	(90, 1, 9, 3, 4, '2024-08-14 08:41:07', '2024-08-14 08:41:08'),
	(91, 1, 10, 3, 16, '2024-08-14 08:41:08', '2024-08-14 08:41:09'),
	(92, 1, 11, 3, 16, '2024-08-14 08:41:09', '2024-08-14 08:41:10'),
	(93, 1, 12, 3, 11, '2024-08-14 08:41:12', '2024-08-14 08:41:13'),
	(94, 1, 13, 3, 14, '2024-08-14 08:41:10', '2024-08-14 08:41:11'),
	(95, 1, 14, 3, 10, '2024-08-14 08:41:15', '2024-08-14 08:41:16'),
	(96, 1, 15, 3, 6, '2024-08-14 08:41:17', '2024-08-14 08:41:18'),
	(97, 1, 16, 3, 10, '2024-08-14 08:41:18', '2024-08-14 08:41:19'),
	(98, 1, 17, 3, 12, '2024-08-14 08:41:21', '2024-08-14 08:41:22'),
	(99, 1, 18, 3, 18, '2024-08-14 08:41:23', '2024-08-14 08:41:24'),
	(100, 1, 19, 3, 6, '2024-08-14 08:41:25', '2024-08-14 08:41:26'),
	(101, 1, 20, 3, 20, '2024-08-14 08:41:27', '2024-08-14 08:41:28'),
	(102, 1, 21, 3, 15, '2024-08-14 08:41:29', '2024-08-14 08:41:30'),
	(103, 1, 22, 3, 11, '2024-08-14 08:41:31', '2024-08-14 08:41:31'),
	(104, 1, 23, 3, 12, '2024-08-14 08:41:32', '2024-08-14 08:41:33'),
	(105, 1, 24, 3, 14, '2024-08-14 08:41:35', '2024-08-14 08:41:35'),
	(106, 1, 25, 3, 19, '2024-08-14 08:41:36', '2024-08-14 08:41:37'),
	(107, 1, 26, 3, 47, '2024-08-14 08:41:37', '2024-08-14 08:41:38'),
	(108, 1, 27, 3, 30, '2024-08-14 08:41:39', '2024-08-14 08:41:39'),
	(109, 1, 1, 2, 0, '2024-08-14 08:46:34', '2024-08-14 08:46:34'),
	(110, 1, 2, 2, 0, '2024-08-14 08:46:35', '2024-08-14 08:46:36'),
	(111, 1, 3, 2, 0, '2024-08-14 08:46:37', '2024-08-14 08:46:38'),
	(112, 1, 4, 2, 0, '2024-08-14 08:46:39', '2024-08-14 08:46:40'),
	(113, 1, 5, 2, 0, '2024-08-14 08:46:41', '2024-08-14 08:46:42'),
	(114, 1, 6, 2, 0, '2024-08-14 08:46:42', '2024-08-14 08:46:44'),
	(115, 1, 7, 2, 1, '2024-08-14 08:46:46', '2024-08-14 08:46:46'),
	(116, 1, 8, 2, 2, '2024-08-14 08:46:48', '2024-08-14 08:46:48'),
	(117, 1, 9, 2, 0, '2024-08-14 08:46:49', '2024-08-14 08:46:50'),
	(118, 1, 10, 2, 1, '2024-08-14 08:46:50', '2024-08-14 08:46:51'),
	(119, 1, 11, 2, 0, '2024-08-14 08:46:52', '2024-08-14 08:46:52'),
	(120, 1, 12, 2, 0, '2024-08-14 08:46:53', '2024-08-14 08:46:54'),
	(121, 1, 13, 2, 1, '2024-08-14 08:46:55', '2024-08-14 08:46:56'),
	(122, 1, 14, 2, 0, '2024-08-14 08:46:57', '2024-08-14 08:46:57'),
	(123, 1, 15, 2, 0, '2024-08-14 08:47:00', '2024-08-14 08:47:02'),
	(124, 1, 16, 2, 0, '2024-08-14 08:47:02', '2024-08-14 08:47:03'),
	(125, 1, 17, 2, 0, '2024-08-14 08:47:03', '2024-08-14 08:47:04'),
	(126, 1, 18, 2, 0, '2024-08-14 08:47:05', '2024-08-14 08:47:05'),
	(127, 1, 19, 2, 0, '2024-08-14 08:47:06', '2024-08-14 08:47:06'),
	(128, 1, 20, 2, 0, '2024-08-14 08:47:07', '2024-08-14 08:47:08'),
	(129, 1, 21, 2, 2, '2024-08-14 08:47:08', '2024-08-14 08:47:09'),
	(130, 1, 22, 2, 0, '2024-08-14 08:47:09', '2024-08-14 08:47:10'),
	(131, 1, 23, 2, 0, '2024-08-14 08:47:10', '2024-08-14 08:47:11'),
	(132, 1, 24, 2, 0, '2024-08-14 08:47:12', '2024-08-14 08:47:13'),
	(133, 1, 25, 2, 0, '2024-08-14 08:47:13', '2024-08-14 08:47:14'),
	(134, 1, 26, 2, 0, '2024-08-14 08:47:15', '2024-08-14 08:47:15'),
	(135, 1, 27, 2, 0, '2024-08-14 08:47:16', '2024-08-14 08:47:17'),
	(136, 1, 1, 6, 0, '2024-08-14 08:52:18', '2024-08-14 08:52:19'),
	(137, 1, 2, 6, 0, '2024-08-14 08:52:20', '2024-08-14 08:52:21'),
	(138, 1, 3, 6, 0, '2024-08-14 08:52:21', '2024-08-14 08:52:22'),
	(139, 1, 4, 6, 0, '2024-08-14 08:52:23', '2024-08-14 08:52:23'),
	(140, 1, 5, 6, 0, '2024-08-14 08:52:24', '2024-08-14 08:52:26'),
	(141, 1, 6, 6, 3, '2024-08-14 08:52:26', '2024-08-14 08:52:27'),
	(142, 1, 7, 6, 0, '2024-08-14 08:52:28', '2024-08-14 08:52:29'),
	(143, 1, 8, 6, 0, '2024-08-14 08:52:30', '2024-08-14 08:52:31'),
	(144, 1, 9, 6, 0, '2024-08-14 08:52:32', '2024-08-14 08:52:32'),
	(145, 1, 10, 6, 0, '2024-08-14 08:52:33', '2024-08-14 08:52:34'),
	(146, 1, 11, 6, 0, '2024-08-14 08:52:34', '2024-08-14 08:52:35'),
	(147, 1, 12, 6, 0, '2024-08-14 08:52:36', '2024-08-14 08:52:36'),
	(148, 1, 13, 6, 2, '2024-08-14 08:52:37', '2024-08-14 08:52:38'),
	(149, 1, 14, 6, 0, '2024-08-14 08:52:39', '2024-08-14 08:52:39'),
	(150, 1, 15, 6, 0, '2024-08-14 08:52:42', '2024-08-14 08:52:42'),
	(151, 1, 16, 6, 1, '2024-08-14 08:52:41', '2024-08-14 08:52:43'),
	(152, 1, 17, 6, 0, '2024-08-14 08:52:45', '2024-08-14 08:52:46'),
	(153, 1, 18, 6, 1, '2024-08-14 08:52:47', '2024-08-14 08:52:47'),
	(154, 1, 19, 6, 0, '2024-08-14 08:52:48', '2024-08-14 08:52:48'),
	(155, 1, 20, 6, 1, '2024-08-14 08:52:49', '2024-08-14 08:52:50'),
	(156, 1, 21, 6, 1, '2024-08-14 08:52:51', '2024-08-14 08:52:52'),
	(157, 1, 22, 6, 0, '2024-08-14 08:52:53', '2024-08-14 08:52:53'),
	(158, 1, 23, 6, 0, '2024-08-14 08:52:54', '2024-08-14 08:52:55'),
	(159, 1, 24, 6, 0, '2024-08-14 08:52:56', '2024-08-14 08:52:56'),
	(160, 1, 25, 6, 0, '2024-08-14 08:52:57', '2024-08-14 08:52:58'),
	(161, 1, 26, 6, 0, '2024-08-14 08:52:59', '2024-08-14 08:53:00'),
	(162, 1, 27, 6, 0, '2024-08-14 08:53:00', '2024-08-14 08:53:01'),
	(163, 1, 1, 7, 0, '2024-08-14 08:54:38', '2024-08-14 08:54:39'),
	(164, 1, 2, 7, 0, '2024-08-14 08:54:40', '2024-08-14 08:54:40'),
	(165, 1, 3, 7, 0, '2024-08-14 08:54:41', '2024-08-14 08:54:42'),
	(166, 1, 4, 7, 0, '2024-08-14 08:54:43', '2024-08-14 08:54:44'),
	(167, 1, 5, 7, 0, '2024-08-14 08:54:44', '2024-08-14 08:54:45'),
	(168, 1, 6, 7, 0, '2024-08-14 08:54:45', '2024-08-14 08:54:46'),
	(169, 1, 7, 7, 0, '2024-08-14 08:54:47', '2024-08-14 08:54:47'),
	(170, 1, 8, 7, 0, '2024-08-14 08:54:48', '2024-08-14 08:54:49'),
	(171, 1, 9, 7, 0, '2024-08-14 08:54:49', '2024-08-14 08:54:50'),
	(172, 1, 10, 7, 0, '2024-08-14 08:54:51', '2024-08-14 08:54:51'),
	(173, 1, 11, 7, 0, '2024-08-14 08:54:52', '2024-08-14 08:54:52'),
	(174, 1, 12, 7, 0, '2024-08-14 08:54:53', '2024-08-14 08:54:54'),
	(175, 1, 13, 7, 0, '2024-08-14 08:54:54', '2024-08-14 08:54:55'),
	(176, 1, 14, 7, 0, '2024-08-14 08:54:57', '2024-08-14 08:54:57'),
	(177, 1, 15, 7, 0, '2024-08-14 08:54:58', '2024-08-14 08:54:59'),
	(178, 1, 16, 7, 0, '2024-08-14 08:54:59', '2024-08-14 08:55:00'),
	(179, 1, 17, 7, 0, '2024-08-14 08:55:00', '2024-08-14 08:55:01'),
	(180, 1, 18, 7, 0, '2024-08-14 08:55:02', '2024-08-14 08:55:02'),
	(181, 1, 19, 7, 0, '2024-08-14 08:55:03', '2024-08-14 08:55:03'),
	(182, 1, 20, 7, 0, '2024-08-14 08:55:05', '2024-08-14 08:55:05'),
	(183, 1, 21, 7, 0, '2024-08-14 08:55:06', '2024-08-14 08:55:06'),
	(184, 1, 22, 7, 0, '2024-08-14 08:55:07', '2024-08-14 08:55:08'),
	(185, 1, 23, 7, 0, '2024-08-14 08:55:09', '2024-08-14 08:55:10'),
	(186, 1, 24, 7, 0, '2024-08-14 08:55:09', '2024-08-14 08:55:10'),
	(187, 1, 25, 7, 0, '2024-08-14 08:55:11', '2024-08-14 08:55:12'),
	(188, 1, 26, 7, 0, '2024-08-14 08:55:13', '2024-08-14 08:55:14'),
	(189, 1, 27, 7, 0, '2024-08-14 08:55:14', '2024-08-14 08:55:15'),
	(190, 2, 1, 1, 3, '2024-08-15 02:26:53', '2024-08-15 02:26:54'),
	(191, 2, 2, 1, 0, '2024-08-15 02:26:55', '2024-08-15 02:26:56'),
	(192, 2, 3, 1, 2, '2024-08-15 02:26:57', '2024-08-15 02:26:58'),
	(193, 2, 4, 1, 33, '2024-08-15 02:26:58', '2024-08-15 02:26:57'),
	(194, 2, 5, 1, 15, '2024-08-15 02:26:59', '2024-08-15 02:27:00'),
	(195, 2, 6, 1, 9, '2024-08-15 02:27:00', '2024-08-15 02:27:01'),
	(196, 2, 7, 1, 4, '2024-08-15 02:27:02', '2024-08-15 02:27:03'),
	(197, 2, 8, 1, 2, '2024-08-15 02:27:04', '2024-08-15 02:27:04'),
	(198, 2, 9, 1, 1, '2024-08-15 02:27:05', '2024-08-15 02:27:05'),
	(199, 2, 10, 1, 37, '2024-08-15 02:27:06', '2024-08-15 02:27:06'),
	(200, 2, 11, 1, 10, '2024-08-15 02:27:07', '2024-08-15 02:27:07'),
	(201, 2, 12, 1, 7, '2024-08-15 02:27:08', '2024-08-15 02:27:08'),
	(202, 2, 13, 1, 16, '2024-08-15 02:27:09', '2024-08-15 02:27:10'),
	(203, 2, 14, 1, 20, '2024-08-15 02:27:11', '2024-08-15 02:27:12'),
	(204, 2, 15, 1, 8, '2024-08-15 02:27:13', '2024-08-15 02:27:13'),
	(205, 2, 16, 1, 14, '2024-08-15 02:27:14', '2024-08-15 02:27:14'),
	(206, 2, 17, 1, 8, '2024-08-15 02:27:15', '2024-08-15 02:27:16'),
	(207, 2, 18, 1, 5, '2024-08-15 02:27:18', '2024-08-15 02:27:19'),
	(208, 2, 19, 1, 1, '2024-08-15 02:27:19', '2024-08-15 02:27:20'),
	(209, 2, 20, 1, 6, '2024-08-15 02:27:21', '2024-08-15 02:27:21'),
	(210, 2, 21, 1, 5, '2024-08-15 02:27:22', '2024-08-15 02:27:23'),
	(211, 2, 22, 1, 7, '2024-08-15 02:27:23', '2024-08-15 02:27:24'),
	(212, 2, 23, 1, 3, '2024-08-15 02:27:24', '2024-08-15 02:27:25'),
	(213, 2, 24, 1, 3, '2024-08-15 02:27:26', '2024-08-15 02:27:26'),
	(214, 2, 25, 1, 2, '2024-08-15 02:27:27', '2024-08-15 02:27:28'),
	(215, 2, 26, 1, 21, '2024-08-15 02:27:29', '2024-08-15 02:27:28'),
	(216, 2, 27, 1, 17, '2024-08-15 02:27:30', '2024-08-15 02:27:31'),
	(217, 2, 1, 2, 0, '2024-08-15 02:32:36', '2024-08-15 02:32:37'),
	(218, 2, 2, 2, 0, '2024-08-15 02:32:39', '2024-08-15 02:32:40'),
	(219, 2, 3, 2, 0, '2024-08-15 02:32:41', '2024-08-15 02:32:42'),
	(220, 2, 4, 2, 0, '2024-08-15 02:32:43', '2024-08-15 02:32:44'),
	(221, 2, 5, 2, 0, '2024-08-15 02:32:45', '2024-08-15 02:32:46'),
	(222, 2, 6, 2, 0, '2024-08-15 02:32:48', '2024-08-15 02:32:49'),
	(223, 2, 7, 2, 0, '2024-08-15 02:32:51', '2024-08-15 02:32:52'),
	(224, 2, 8, 2, 1, '2024-08-15 02:32:53', '2024-08-15 02:32:54'),
	(225, 2, 9, 2, 0, '2024-08-15 02:32:55', '2024-08-15 02:32:56'),
	(226, 2, 10, 2, 0, '2024-08-15 02:32:56', '2024-08-15 02:32:57'),
	(227, 2, 11, 2, 0, '2024-08-15 02:32:58', '2024-08-15 02:32:58'),
	(228, 2, 12, 2, 0, '2024-08-15 02:32:59', '2024-08-15 02:33:00'),
	(229, 2, 13, 2, 7, '2024-08-15 02:33:01', '2024-08-15 02:33:01'),
	(230, 2, 14, 2, 0, '2024-08-15 02:33:02', '2024-08-15 02:33:03'),
	(231, 2, 15, 2, 0, '2024-08-15 02:33:03', '2024-08-15 02:33:04'),
	(232, 2, 16, 2, 0, '2024-08-15 02:33:05', '2024-08-15 02:33:05'),
	(233, 2, 17, 2, 0, '2024-08-15 02:33:06', '2024-08-15 02:33:06'),
	(234, 2, 18, 2, 0, '2024-08-15 02:33:07', '2024-08-15 02:33:07'),
	(235, 2, 19, 2, 0, '2024-08-15 02:33:08', '2024-08-15 02:33:09'),
	(236, 2, 20, 2, 0, '2024-08-15 02:33:10', '2024-08-15 02:33:10'),
	(237, 2, 21, 2, 0, '2024-08-15 02:33:11', '2024-08-15 02:33:12'),
	(238, 2, 22, 2, 1, '2024-08-15 02:33:13', '2024-08-15 02:33:14'),
	(239, 2, 23, 2, 0, '2024-08-15 02:33:14', '2024-08-15 02:33:15'),
	(240, 2, 24, 2, 0, '2024-08-15 02:33:16', '2024-08-15 02:33:16'),
	(241, 2, 25, 2, 0, '2024-08-15 02:33:17', '2024-08-15 02:33:18'),
	(242, 2, 26, 2, 1, '2024-08-15 02:33:19', '2024-08-15 02:33:19'),
	(243, 2, 27, 2, 0, '2024-08-15 02:33:20', '2024-08-15 02:33:20'),
	(244, 2, 1, 3, 0, '2024-08-15 02:36:20', '2024-08-15 02:36:21'),
	(245, 2, 2, 3, 0, '2024-08-15 02:36:21', '2024-08-15 02:36:22'),
	(246, 2, 3, 3, 0, '2024-08-15 02:36:23', '2024-08-15 02:36:23'),
	(247, 2, 4, 3, 0, '2024-08-15 02:36:24', '2024-08-15 02:36:25'),
	(248, 2, 5, 3, 0, '2024-08-15 02:36:25', '2024-08-15 02:36:26'),
	(249, 2, 6, 3, 0, '2024-08-15 02:36:26', '2024-08-15 02:36:27'),
	(250, 2, 7, 3, 0, '2024-08-15 02:36:28', '2024-08-15 02:36:28'),
	(251, 2, 8, 3, 0, '2024-08-15 02:36:29', '2024-08-15 02:36:30'),
	(252, 2, 9, 3, 0, '2024-08-15 02:36:30', '2024-08-15 02:36:31'),
	(253, 2, 10, 3, 0, '2024-08-15 02:36:32', '2024-08-15 02:36:32'),
	(254, 2, 11, 3, 0, '2024-08-15 02:36:33', '2024-08-15 02:36:34'),
	(255, 2, 12, 3, 0, '2024-08-15 02:36:35', '2024-08-15 02:36:36'),
	(256, 2, 13, 3, 0, '2024-08-15 02:36:36', '2024-08-15 02:36:37'),
	(257, 2, 14, 3, 0, '2024-08-15 02:36:38', '2024-08-15 02:36:39'),
	(258, 2, 15, 3, 0, '2024-08-15 02:36:40', '2024-08-15 02:36:39'),
	(259, 2, 16, 3, 0, '2024-08-15 02:36:41', '2024-08-15 02:36:42'),
	(260, 2, 17, 3, 0, '2024-08-15 02:36:43', '2024-08-15 02:36:44'),
	(261, 2, 18, 3, 0, '2024-08-15 02:36:46', '2024-08-15 02:36:47'),
	(262, 2, 19, 3, 0, '2024-08-15 02:36:48', '2024-08-15 02:36:49'),
	(263, 2, 20, 3, 0, '2024-08-15 02:36:49', '2024-08-15 02:36:50'),
	(264, 2, 21, 3, 0, '2024-08-15 02:36:51', '2024-08-15 02:36:52'),
	(265, 2, 22, 3, 0, '2024-08-15 02:36:53', '2024-08-15 02:36:53'),
	(266, 2, 23, 3, 0, '2024-08-15 02:36:54', '2024-08-15 02:36:54'),
	(267, 2, 24, 3, 0, '2024-08-15 02:36:55', '2024-08-15 02:36:55'),
	(268, 2, 25, 3, 0, '2024-08-15 02:36:56', '2024-08-15 02:36:56'),
	(269, 2, 26, 3, 0, '2024-08-15 02:36:58', '2024-08-15 02:37:01'),
	(270, 2, 27, 3, 0, '2024-08-15 02:36:57', '2024-08-15 02:37:01'),
	(271, 2, 1, 4, 0, '2024-08-15 02:42:32', '2024-08-15 02:42:33'),
	(272, 2, 2, 4, 2, '2024-08-15 02:42:34', '2024-08-15 02:42:35'),
	(273, 2, 3, 4, 1, '2024-08-15 02:42:36', '2024-08-15 02:42:36'),
	(274, 2, 4, 4, 0, '2024-08-15 02:42:37', '2024-08-15 02:42:38'),
	(275, 2, 5, 4, 1, '2024-08-15 02:42:39', '2024-08-15 02:42:39'),
	(276, 2, 6, 4, 1, '2024-08-15 02:42:40', '2024-08-15 02:42:41'),
	(277, 2, 7, 4, 8, '2024-08-15 02:42:42', '2024-08-15 02:42:42'),
	(278, 2, 8, 4, 1, '2024-08-15 02:42:43', '2024-08-15 02:42:44'),
	(279, 2, 9, 4, 4, '2024-08-15 02:42:45', '2024-08-15 02:42:45'),
	(280, 2, 10, 4, 3, '2024-08-15 02:42:46', '2024-08-15 02:42:47'),
	(281, 2, 11, 4, 5, '2024-08-15 02:42:48', '2024-08-15 02:42:48'),
	(282, 2, 12, 4, 3, '2024-08-15 02:42:49', '2024-08-15 02:42:49'),
	(283, 2, 13, 4, 4, '2024-08-15 02:42:50', '2024-08-15 02:42:50'),
	(284, 2, 14, 4, 3, '2024-08-15 02:42:51', '2024-08-15 02:42:51'),
	(285, 2, 15, 4, 11, '2024-08-15 02:42:52', '2024-08-15 02:42:53'),
	(286, 2, 16, 4, 0, '2024-08-15 02:42:52', '2024-08-15 02:42:54'),
	(287, 2, 17, 4, 2, '2024-08-15 02:42:57', '2024-08-15 02:42:57'),
	(288, 2, 18, 4, 0, '2024-08-15 02:42:58', '2024-08-15 02:42:58'),
	(289, 2, 19, 4, 1, '2024-08-15 02:42:59', '2024-08-15 02:43:00'),
	(290, 2, 20, 4, 0, '2024-08-15 02:43:01', '2024-08-15 02:43:01'),
	(291, 2, 21, 4, 1, '2024-08-15 02:43:03', '2024-08-15 02:43:04'),
	(292, 2, 22, 4, 0, '2024-08-15 02:43:04', '2024-08-15 02:43:05'),
	(293, 2, 23, 4, 3, '2024-08-15 02:43:06', '2024-08-15 02:43:06'),
	(294, 2, 24, 4, 4, '2024-08-15 02:43:07', '2024-08-15 02:43:08'),
	(295, 2, 25, 4, 6, '2024-08-15 02:43:07', '2024-08-15 02:43:09'),
	(296, 2, 26, 4, 3, '2024-08-15 02:43:10', '2024-08-15 02:43:10'),
	(297, 2, 27, 4, 5, '2024-08-15 02:49:05', '2024-08-15 02:49:09'),
	(298, 2, 1, 5, 22, '2024-08-15 02:48:57', '2024-08-15 02:48:57'),
	(299, 2, 2, 5, 27, '2024-08-15 02:48:57', '2024-08-15 02:48:57'),
	(300, 2, 3, 5, 61, '2024-08-15 02:48:57', '2024-08-15 02:48:57'),
	(301, 2, 4, 5, 58, '2024-08-15 02:48:57', '2024-08-15 02:48:57'),
	(302, 2, 5, 5, 70, '2024-08-15 02:48:57', '2024-08-15 02:48:57'),
	(303, 2, 6, 5, 55, '2024-08-15 02:48:57', '2024-08-15 02:48:57'),
	(304, 2, 7, 5, 65, '2024-08-15 02:48:57', '2024-08-15 02:48:57'),
	(305, 2, 8, 5, 57, '2024-08-15 02:48:57', '2024-08-15 02:48:57'),
	(306, 2, 9, 5, 44, '2024-08-15 02:48:57', '2024-08-15 02:48:57'),
	(307, 2, 10, 5, 117, '2024-08-15 02:48:57', '2024-08-15 02:48:57'),
	(308, 2, 11, 5, 50, '2024-08-15 02:48:57', '2024-08-15 02:48:57'),
	(309, 2, 12, 5, 77, '2024-08-15 02:48:57', '2024-08-15 02:48:57'),
	(310, 2, 13, 5, 175, '2024-08-15 02:48:57', '2024-08-15 02:48:57'),
	(311, 2, 14, 5, 40, '2024-08-15 02:48:57', '2024-08-15 02:48:57'),
	(312, 2, 15, 5, 47, '2024-08-15 02:48:57', '2024-08-15 02:48:57'),
	(313, 2, 16, 5, 38, '2024-08-15 02:48:57', '2024-08-15 02:48:57'),
	(314, 2, 17, 5, 60, '2024-08-15 02:48:57', '2024-08-15 02:48:57'),
	(315, 2, 18, 5, 64, '2024-08-15 02:48:57', '2024-08-15 02:48:57'),
	(316, 2, 19, 5, 59, '2024-08-15 02:48:57', '2024-08-15 02:48:57'),
	(317, 2, 20, 5, 76, '2024-08-15 02:48:57', '2024-08-15 02:48:57'),
	(318, 2, 21, 5, 29, '2024-08-15 02:48:57', '2024-08-15 02:48:57'),
	(319, 2, 22, 5, 66, '2024-08-15 02:48:57', '2024-08-15 02:48:57'),
	(320, 2, 23, 5, 29, '2024-08-15 02:48:57', '2024-08-15 02:48:57'),
	(321, 2, 24, 5, 45, '2024-08-15 02:48:57', '2024-08-15 02:48:57'),
	(322, 2, 25, 5, 33, '2024-08-15 02:48:57', '2024-08-15 02:48:57'),
	(323, 2, 26, 5, 101, '2024-08-15 02:48:57', '2024-08-15 02:48:57'),
	(324, 2, 27, 5, 67, '2024-08-15 02:48:57', '2024-08-15 02:48:57'),
	(325, 2, 1, 6, 0, '2024-08-15 02:53:55', '2024-08-15 02:53:55'),
	(326, 2, 2, 6, 0, '2024-08-15 02:53:55', '2024-08-15 02:53:55'),
	(327, 2, 3, 6, 0, '2024-08-15 02:53:55', '2024-08-15 02:53:55'),
	(328, 2, 4, 6, 0, '2024-08-15 02:53:55', '2024-08-15 02:53:55'),
	(329, 2, 5, 6, 0, '2024-08-15 02:53:55', '2024-08-15 02:53:55'),
	(330, 2, 6, 6, 3, '2024-08-15 02:53:55', '2024-08-15 02:53:55'),
	(331, 2, 7, 6, 0, '2024-08-15 02:53:55', '2024-08-15 02:53:55'),
	(332, 2, 8, 6, 0, '2024-08-15 02:53:55', '2024-08-15 02:53:55'),
	(333, 2, 9, 6, 0, '2024-08-15 02:53:55', '2024-08-15 02:53:55'),
	(334, 2, 10, 6, 0, '2024-08-15 02:53:55', '2024-08-15 02:53:55'),
	(335, 2, 11, 6, 0, '2024-08-15 02:53:55', '2024-08-15 02:53:55'),
	(336, 2, 12, 6, 0, '2024-08-15 02:53:55', '2024-08-15 02:53:55'),
	(337, 2, 13, 6, 2, '2024-08-15 02:53:55', '2024-08-15 02:53:55'),
	(338, 2, 14, 6, 0, '2024-08-15 02:53:55', '2024-08-15 02:53:55'),
	(339, 2, 15, 6, 0, '2024-08-15 02:53:55', '2024-08-15 02:53:55'),
	(340, 2, 16, 6, 1, '2024-08-15 02:53:55', '2024-08-15 02:53:55'),
	(341, 2, 17, 6, 0, '2024-08-15 02:53:55', '2024-08-15 02:53:55'),
	(342, 2, 18, 6, 1, '2024-08-15 02:53:55', '2024-08-15 02:53:55'),
	(343, 2, 19, 6, 0, '2024-08-15 02:53:55', '2024-08-15 02:53:55'),
	(344, 2, 20, 6, 1, '2024-08-15 02:53:55', '2024-08-15 02:53:55'),
	(345, 2, 21, 6, 1, '2024-08-15 02:53:55', '2024-08-15 02:53:55'),
	(346, 2, 22, 6, 0, '2024-08-15 02:53:55', '2024-08-15 02:53:55'),
	(347, 2, 23, 6, 0, '2024-08-15 02:53:55', '2024-08-15 02:53:55'),
	(348, 2, 24, 6, 0, '2024-08-15 02:53:55', '2024-08-15 02:53:55'),
	(349, 2, 25, 6, 0, '2024-08-15 02:53:55', '2024-08-15 02:53:55'),
	(350, 2, 26, 6, 0, '2024-08-15 02:53:55', '2024-08-15 02:53:55'),
	(351, 2, 27, 6, 0, '2024-08-15 02:53:55', '2024-08-15 02:53:55'),
	(352, 2, 1, 7, 0, '2024-08-15 02:56:15', '2024-08-15 02:56:15'),
	(353, 2, 2, 7, 0, '2024-08-15 02:56:15', '2024-08-15 02:56:15'),
	(354, 2, 3, 7, 0, '2024-08-15 02:56:15', '2024-08-15 02:56:15'),
	(355, 2, 4, 7, 0, '2024-08-15 02:56:15', '2024-08-15 02:56:15'),
	(356, 2, 5, 7, 0, '2024-08-15 02:56:15', '2024-08-15 02:56:15'),
	(357, 2, 6, 7, 0, '2024-08-15 02:56:15', '2024-08-15 02:56:15'),
	(358, 2, 7, 7, 0, '2024-08-15 02:56:15', '2024-08-15 02:56:15'),
	(359, 2, 8, 7, 0, '2024-08-15 02:56:15', '2024-08-15 02:56:15'),
	(360, 2, 9, 7, 1, '2024-08-15 02:56:15', '2024-08-15 02:56:15'),
	(361, 2, 10, 7, 0, '2024-08-15 02:56:15', '2024-08-15 02:56:15'),
	(362, 2, 11, 7, 0, '2024-08-15 02:56:15', '2024-08-15 02:56:15'),
	(363, 2, 12, 7, 0, '2024-08-15 02:56:15', '2024-08-15 02:56:15'),
	(364, 2, 13, 7, 0, '2024-08-15 02:56:15', '2024-08-15 02:56:15'),
	(365, 2, 14, 7, 0, '2024-08-15 02:56:15', '2024-08-15 02:56:15'),
	(366, 2, 15, 7, 0, '2024-08-15 02:56:15', '2024-08-15 02:56:15'),
	(367, 2, 16, 7, 0, '2024-08-15 02:56:15', '2024-08-15 02:56:15'),
	(368, 2, 17, 7, 1, '2024-08-15 02:56:15', '2024-08-15 02:56:15'),
	(369, 2, 18, 7, 0, '2024-08-15 02:56:15', '2024-08-15 02:56:15'),
	(370, 2, 19, 7, 0, '2024-08-15 02:56:15', '2024-08-15 02:56:15'),
	(371, 2, 20, 7, 0, '2024-08-15 02:56:15', '2024-08-15 02:56:15'),
	(372, 2, 21, 7, 0, '2024-08-15 02:56:15', '2024-08-15 02:56:15'),
	(373, 2, 22, 7, 1, '2024-08-15 02:56:15', '2024-08-15 02:56:15'),
	(374, 2, 23, 7, 0, '2024-08-15 02:56:15', '2024-08-15 02:56:15'),
	(375, 2, 24, 7, 0, '2024-08-15 02:56:15', '2024-08-15 02:56:15'),
	(376, 2, 25, 7, 0, '2024-08-15 02:56:15', '2024-08-15 02:56:15'),
	(377, 2, 26, 7, 0, '2024-08-15 02:56:15', '2024-08-15 02:56:15'),
	(378, 2, 27, 7, 0, '2024-08-15 02:56:15', '2024-08-15 02:56:15'),
	(379, 3, 1, 1, 1, '2024-08-15 03:00:49', '2024-08-15 03:00:49'),
	(380, 3, 2, 1, 1, '2024-08-15 03:00:49', '2024-08-15 03:00:49'),
	(381, 3, 3, 1, 1, '2024-08-15 03:00:49', '2024-08-15 03:00:49'),
	(382, 3, 4, 1, 27, '2024-08-15 03:00:49', '2024-08-15 03:00:49'),
	(383, 3, 5, 1, 36, '2024-08-15 03:00:49', '2024-08-15 03:00:49'),
	(384, 3, 6, 1, 3, '2024-08-15 03:00:49', '2024-08-15 03:00:49'),
	(385, 3, 7, 1, 9, '2024-08-15 03:00:49', '2024-08-15 03:00:49'),
	(386, 3, 8, 1, 1, '2024-08-15 03:00:49', '2024-08-15 03:00:49'),
	(387, 3, 9, 1, 2, '2024-08-15 03:00:49', '2024-08-15 03:00:49'),
	(388, 3, 10, 1, 49, '2024-08-15 03:00:49', '2024-08-15 03:00:49'),
	(389, 3, 11, 1, 15, '2024-08-15 03:00:49', '2024-08-15 03:00:49'),
	(390, 3, 12, 1, 31, '2024-08-15 03:00:49', '2024-08-15 03:00:49'),
	(391, 3, 13, 1, 32, '2024-08-15 03:00:49', '2024-08-15 03:00:49'),
	(392, 3, 14, 1, 8, '2024-08-15 03:00:49', '2024-08-15 03:00:49'),
	(393, 3, 15, 1, 7, '2024-08-15 03:00:49', '2024-08-15 03:00:49'),
	(394, 3, 16, 1, 27, '2024-08-15 03:00:49', '2024-08-15 03:00:49'),
	(395, 3, 17, 1, 22, '2024-08-15 03:00:49', '2024-08-15 03:00:49'),
	(396, 3, 18, 1, 48, '2024-08-15 03:00:49', '2024-08-15 03:00:49'),
	(397, 3, 19, 1, 5, '2024-08-15 03:00:49', '2024-08-15 03:00:49'),
	(398, 3, 20, 1, 7, '2024-08-15 03:00:49', '2024-08-15 03:00:49'),
	(399, 3, 21, 1, 35, '2024-08-15 03:00:49', '2024-08-15 03:00:49'),
	(400, 3, 22, 1, 4, '2024-08-15 03:00:49', '2024-08-15 03:00:49'),
	(401, 3, 23, 1, 4, '2024-08-15 03:00:49', '2024-08-15 03:00:49'),
	(402, 3, 24, 1, 8, '2024-08-15 03:00:49', '2024-08-15 03:00:49'),
	(403, 3, 25, 1, 0, '2024-08-15 03:00:49', '2024-08-15 03:00:49'),
	(404, 3, 26, 1, 19, '2024-08-15 03:00:49', '2024-08-15 03:00:49'),
	(405, 3, 27, 1, 14, '2024-08-15 03:00:49', '2024-08-15 03:00:49'),
	(406, 3, 1, 2, 0, '2024-08-15 03:40:14', '2024-08-15 03:40:14'),
	(407, 3, 2, 2, 0, '2024-08-15 03:40:14', '2024-08-15 03:40:14'),
	(408, 3, 3, 2, 0, '2024-08-15 03:40:14', '2024-08-15 03:40:14'),
	(409, 3, 4, 2, 0, '2024-08-15 03:40:14', '2024-08-15 03:40:14'),
	(410, 3, 5, 2, 0, '2024-08-15 03:40:14', '2024-08-15 03:40:14'),
	(411, 3, 6, 2, 1, '2024-08-15 03:40:14', '2024-08-15 03:40:14'),
	(412, 3, 7, 2, 0, '2024-08-15 03:40:14', '2024-08-15 03:40:14'),
	(413, 3, 8, 2, 1, '2024-08-15 03:40:14', '2024-08-15 03:40:14'),
	(414, 3, 9, 2, 0, '2024-08-15 03:40:14', '2024-08-15 03:40:14'),
	(415, 3, 10, 2, 0, '2024-08-15 03:40:14', '2024-08-15 03:40:14'),
	(416, 3, 11, 2, 0, '2024-08-15 03:40:14', '2024-08-15 03:40:14'),
	(417, 3, 12, 2, 0, '2024-08-15 03:40:14', '2024-08-15 03:40:14'),
	(418, 3, 13, 2, 4, '2024-08-15 03:40:14', '2024-08-15 03:40:14'),
	(419, 3, 14, 2, 0, '2024-08-15 03:40:14', '2024-08-15 03:40:14'),
	(420, 3, 15, 2, 0, '2024-08-15 03:40:14', '2024-08-15 03:40:14'),
	(421, 3, 16, 2, 1, '2024-08-15 03:40:14', '2024-08-15 03:40:14'),
	(422, 3, 17, 2, 0, '2024-08-15 03:40:14', '2024-08-15 03:40:14'),
	(423, 3, 18, 2, 0, '2024-08-15 03:40:14', '2024-08-15 03:40:14'),
	(424, 3, 19, 2, 0, '2024-08-15 03:40:14', '2024-08-15 03:40:14'),
	(425, 3, 20, 2, 2, '2024-08-15 03:40:14', '2024-08-15 03:40:14'),
	(426, 3, 21, 2, 1, '2024-08-15 03:40:14', '2024-08-15 03:40:14'),
	(427, 3, 22, 2, 0, '2024-08-15 03:40:14', '2024-08-15 03:40:14'),
	(428, 3, 23, 2, 0, '2024-08-15 03:40:14', '2024-08-15 03:40:14'),
	(429, 3, 24, 2, 0, '2024-08-15 03:40:14', '2024-08-15 03:40:14'),
	(430, 3, 25, 2, 0, '2024-08-15 03:40:14', '2024-08-15 03:40:14'),
	(431, 3, 26, 2, 0, '2024-08-15 03:40:14', '2024-08-15 03:40:14'),
	(432, 3, 27, 2, 0, '2024-08-15 03:40:14', '2024-08-15 03:40:14'),
	(433, 3, 1, 3, 0, '2024-08-15 03:41:09', '2024-08-15 03:41:09'),
	(434, 3, 2, 3, 0, '2024-08-15 03:41:09', '2024-08-15 03:41:09'),
	(435, 3, 3, 3, 0, '2024-08-15 03:41:09', '2024-08-15 03:41:09'),
	(436, 3, 4, 3, 0, '2024-08-15 03:41:09', '2024-08-15 03:41:09'),
	(437, 3, 5, 3, 0, '2024-08-15 03:41:09', '2024-08-15 03:41:09'),
	(438, 3, 6, 3, 0, '2024-08-15 03:41:09', '2024-08-15 03:41:09'),
	(439, 3, 7, 3, 0, '2024-08-15 03:41:09', '2024-08-15 03:41:09'),
	(440, 3, 8, 3, 0, '2024-08-15 03:41:09', '2024-08-15 03:41:09'),
	(441, 3, 9, 3, 0, '2024-08-15 03:41:09', '2024-08-15 03:41:09'),
	(442, 3, 10, 3, 0, '2024-08-15 03:41:09', '2024-08-15 03:41:09'),
	(443, 3, 11, 3, 0, '2024-08-15 03:41:09', '2024-08-15 03:41:09'),
	(444, 3, 12, 3, 0, '2024-08-15 03:41:09', '2024-08-15 03:41:09'),
	(445, 3, 13, 3, 0, '2024-08-15 03:41:09', '2024-08-15 03:41:09'),
	(446, 3, 14, 3, 0, '2024-08-15 03:41:09', '2024-08-15 03:41:09'),
	(447, 3, 15, 3, 0, '2024-08-15 03:41:09', '2024-08-15 03:41:09'),
	(448, 3, 16, 3, 0, '2024-08-15 03:41:09', '2024-08-15 03:41:09'),
	(449, 3, 17, 3, 0, '2024-08-15 03:41:09', '2024-08-15 03:41:09'),
	(450, 3, 18, 3, 0, '2024-08-15 03:41:09', '2024-08-15 03:41:09'),
	(451, 3, 19, 3, 0, '2024-08-15 03:41:09', '2024-08-15 03:41:09'),
	(452, 3, 20, 3, 0, '2024-08-15 03:41:09', '2024-08-15 03:41:09'),
	(453, 3, 21, 3, 0, '2024-08-15 03:41:09', '2024-08-15 03:41:09'),
	(454, 3, 22, 3, 0, '2024-08-15 03:41:09', '2024-08-15 03:41:09'),
	(455, 3, 23, 3, 0, '2024-08-15 03:41:09', '2024-08-15 03:41:09'),
	(456, 3, 24, 3, 0, '2024-08-15 03:41:09', '2024-08-15 03:41:09'),
	(457, 3, 25, 3, 0, '2024-08-15 03:41:09', '2024-08-15 03:41:09'),
	(458, 3, 26, 3, 0, '2024-08-15 03:41:09', '2024-08-15 03:41:09'),
	(459, 3, 27, 3, 0, '2024-08-15 03:41:09', '2024-08-15 03:41:09'),
	(460, 3, 1, 5, 39, '2024-08-15 03:50:16', '2024-08-15 03:50:16'),
	(461, 3, 2, 5, 41, '2024-08-15 03:50:16', '2024-08-15 03:50:16'),
	(462, 3, 3, 5, 121, '2024-08-15 03:50:16', '2024-08-15 03:50:16'),
	(463, 3, 4, 5, 85, '2024-08-15 03:50:16', '2024-08-15 03:50:16'),
	(464, 3, 5, 5, 114, '2024-08-15 03:50:16', '2024-08-15 03:50:16'),
	(465, 3, 6, 5, 98, '2024-08-15 03:50:16', '2024-08-15 03:50:16'),
	(466, 3, 7, 5, 101, '2024-08-15 03:50:16', '2024-08-15 03:50:16'),
	(467, 3, 8, 5, 112, '2024-08-15 03:50:16', '2024-08-15 03:50:16'),
	(468, 3, 9, 5, 89, '2024-08-15 03:50:16', '2024-08-15 03:50:16'),
	(469, 3, 10, 5, 207, '2024-08-15 03:50:16', '2024-08-15 03:50:16'),
	(470, 3, 11, 5, 83, '2024-08-15 03:50:16', '2024-08-15 03:50:16'),
	(471, 3, 12, 5, 127, '2024-08-15 03:50:16', '2024-08-15 03:50:16'),
	(472, 3, 13, 5, 626, '2024-08-15 03:50:16', '2024-08-15 03:50:16'),
	(473, 3, 14, 5, 86, '2024-08-15 03:50:16', '2024-08-15 03:50:16'),
	(474, 3, 15, 5, 81, '2024-08-15 03:50:16', '2024-08-15 03:50:16'),
	(475, 3, 16, 5, 67, '2024-08-15 03:50:16', '2024-08-15 03:50:16'),
	(476, 3, 17, 5, 86, '2024-08-15 03:50:16', '2024-08-15 03:50:16'),
	(477, 3, 18, 5, 142, '2024-08-15 03:50:16', '2024-08-15 03:50:16'),
	(478, 3, 19, 5, 70, '2024-08-15 03:50:16', '2024-08-15 03:50:16'),
	(479, 3, 20, 5, 79, '2024-08-15 03:50:16', '2024-08-15 03:50:16'),
	(480, 3, 21, 5, 68, '2024-08-15 03:50:16', '2024-08-15 03:50:16'),
	(481, 3, 22, 5, 71, '2024-08-15 03:50:16', '2024-08-15 03:50:16'),
	(482, 3, 23, 5, 53, '2024-08-15 03:50:16', '2024-08-15 03:50:16'),
	(483, 3, 24, 5, 73, '2024-08-15 03:50:16', '2024-08-15 03:50:16'),
	(484, 3, 25, 5, 55, '2024-08-15 03:50:16', '2024-08-15 03:50:16'),
	(485, 3, 26, 5, 174, '2024-08-15 03:50:16', '2024-08-15 03:50:16'),
	(486, 3, 27, 5, 100, '2024-08-15 03:50:16', '2024-08-15 03:50:16'),
	(487, 3, 1, 4, 0, '2024-08-15 03:52:46', '2024-08-15 03:52:46'),
	(488, 3, 2, 4, 2, '2024-08-15 03:52:46', '2024-08-15 03:52:46'),
	(489, 3, 3, 4, 2, '2024-08-15 03:52:46', '2024-08-15 03:52:46'),
	(490, 3, 4, 4, 5, '2024-08-15 03:52:46', '2024-08-15 03:52:46'),
	(491, 3, 5, 4, 3, '2024-08-15 03:52:46', '2024-08-15 03:52:46'),
	(492, 3, 6, 4, 2, '2024-08-15 03:52:46', '2024-08-15 03:52:46'),
	(493, 3, 7, 4, 10, '2024-08-15 03:52:46', '2024-08-15 03:52:46'),
	(494, 3, 8, 4, 3, '2024-08-15 03:52:46', '2024-08-15 03:52:46'),
	(495, 3, 9, 4, 3, '2024-08-15 03:52:46', '2024-08-15 03:52:46'),
	(496, 3, 10, 4, 0, '2024-08-15 03:52:46', '2024-08-15 03:52:46'),
	(497, 3, 11, 4, 3, '2024-08-15 03:52:46', '2024-08-15 03:52:46'),
	(498, 3, 12, 4, 2, '2024-08-15 03:52:46', '2024-08-15 03:52:46'),
	(499, 3, 13, 4, 3, '2024-08-15 03:52:46', '2024-08-15 03:52:46'),
	(500, 3, 14, 4, 8, '2024-08-15 03:52:46', '2024-08-15 03:52:46'),
	(501, 3, 15, 4, 0, '2024-08-15 03:52:46', '2024-08-15 03:52:46'),
	(502, 3, 16, 4, 0, '2024-08-15 03:52:46', '2024-08-15 03:52:46'),
	(503, 3, 17, 4, 0, '2024-08-15 03:52:46', '2024-08-15 03:52:46'),
	(504, 3, 18, 4, 0, '2024-08-15 03:52:46', '2024-08-15 03:52:46'),
	(505, 3, 19, 4, 1, '2024-08-15 03:52:46', '2024-08-15 03:52:46'),
	(506, 3, 20, 4, 5, '2024-08-15 03:52:46', '2024-08-15 03:52:46'),
	(507, 3, 21, 4, 3, '2024-08-15 03:52:46', '2024-08-15 03:52:46'),
	(508, 3, 22, 4, 0, '2024-08-15 03:52:46', '2024-08-15 03:52:46'),
	(509, 3, 23, 4, 5, '2024-08-15 03:52:46', '2024-08-15 03:52:46'),
	(510, 3, 24, 4, 0, '2024-08-15 03:52:46', '2024-08-15 03:52:46'),
	(511, 3, 25, 4, 0, '2024-08-15 03:52:46', '2024-08-15 03:52:46'),
	(512, 3, 26, 4, 0, '2024-08-15 03:52:46', '2024-08-15 03:52:46'),
	(513, 3, 27, 4, 1, '2024-08-15 03:52:46', '2024-08-15 03:52:46'),
	(514, 3, 1, 6, 0, '2024-08-15 03:56:25', '2024-08-15 03:56:25'),
	(515, 3, 2, 6, 0, '2024-08-15 03:56:25', '2024-08-15 03:56:25'),
	(516, 3, 3, 6, 0, '2024-08-15 03:56:25', '2024-08-15 03:56:25'),
	(517, 3, 4, 6, 0, '2024-08-15 03:56:25', '2024-08-15 03:56:25'),
	(518, 3, 5, 6, 0, '2024-08-15 03:56:25', '2024-08-15 03:56:25'),
	(519, 3, 6, 6, 3, '2024-08-15 03:56:25', '2024-08-15 03:56:25'),
	(520, 3, 7, 6, 0, '2024-08-15 03:56:25', '2024-08-15 03:56:25'),
	(521, 3, 8, 6, 0, '2024-08-15 03:56:25', '2024-08-15 03:56:25'),
	(522, 3, 9, 6, 0, '2024-08-15 03:56:25', '2024-08-15 03:56:25'),
	(523, 3, 10, 6, 0, '2024-08-15 03:56:25', '2024-08-15 03:56:25'),
	(524, 3, 11, 6, 0, '2024-08-15 03:56:25', '2024-08-15 03:56:25'),
	(525, 3, 12, 6, 0, '2024-08-15 03:56:25', '2024-08-15 03:56:25'),
	(526, 3, 13, 6, 2, '2024-08-15 03:56:25', '2024-08-15 03:56:25'),
	(527, 3, 14, 6, 0, '2024-08-15 03:56:25', '2024-08-15 03:56:25'),
	(528, 3, 15, 6, 0, '2024-08-15 03:56:25', '2024-08-15 03:56:25'),
	(529, 3, 16, 6, 1, '2024-08-15 03:56:25', '2024-08-15 03:56:25'),
	(530, 3, 17, 6, 0, '2024-08-15 03:56:25', '2024-08-15 03:56:25'),
	(531, 3, 18, 6, 1, '2024-08-15 03:56:25', '2024-08-15 03:56:25'),
	(532, 3, 19, 6, 0, '2024-08-15 03:56:25', '2024-08-15 03:56:25'),
	(533, 3, 20, 6, 1, '2024-08-15 03:56:25', '2024-08-15 03:56:25'),
	(534, 3, 21, 6, 1, '2024-08-15 03:56:25', '2024-08-15 03:56:25'),
	(535, 3, 22, 6, 0, '2024-08-15 03:56:25', '2024-08-15 03:56:25'),
	(536, 3, 23, 6, 0, '2024-08-15 03:56:25', '2024-08-15 03:56:25'),
	(537, 3, 24, 6, 0, '2024-08-15 03:56:25', '2024-08-15 03:56:25'),
	(538, 3, 25, 6, 0, '2024-08-15 03:56:25', '2024-08-15 03:56:25'),
	(539, 3, 26, 6, 0, '2024-08-15 03:56:25', '2024-08-15 03:56:25'),
	(540, 3, 27, 6, 0, '2024-08-15 03:56:25', '2024-08-15 03:56:25'),
	(541, 3, 1, 7, 1, '2024-08-15 03:58:22', '2024-08-15 03:58:22'),
	(542, 3, 2, 7, 0, '2024-08-15 03:58:22', '2024-08-15 03:58:22'),
	(543, 3, 3, 7, 2, '2024-08-15 03:58:22', '2024-08-15 03:58:22'),
	(544, 3, 4, 7, 1, '2024-08-15 03:58:22', '2024-08-15 03:58:22'),
	(545, 3, 5, 7, 0, '2024-08-15 03:58:22', '2024-08-15 03:58:22'),
	(546, 3, 6, 7, 0, '2024-08-15 03:58:22', '2024-08-15 03:58:22'),
	(547, 3, 7, 7, 0, '2024-08-15 03:58:22', '2024-08-15 03:58:22'),
	(548, 3, 8, 7, 2, '2024-08-15 03:58:22', '2024-08-15 03:58:22'),
	(549, 3, 9, 7, 0, '2024-08-15 03:58:22', '2024-08-15 03:58:22'),
	(550, 3, 10, 7, 1, '2024-08-15 03:58:22', '2024-08-15 03:58:22'),
	(551, 3, 11, 7, 0, '2024-08-15 03:58:22', '2024-08-15 03:58:22'),
	(552, 3, 12, 7, 1, '2024-08-15 03:58:22', '2024-08-15 03:58:22'),
	(553, 3, 13, 7, 0, '2024-08-15 03:58:22', '2024-08-15 03:58:22'),
	(554, 3, 14, 7, 1, '2024-08-15 03:58:22', '2024-08-15 03:58:22'),
	(555, 3, 15, 7, 0, '2024-08-15 03:58:22', '2024-08-15 03:58:22'),
	(556, 3, 16, 7, 4, '2024-08-15 03:58:22', '2024-08-15 03:58:22'),
	(557, 3, 17, 7, 0, '2024-08-15 03:58:22', '2024-08-15 03:58:22'),
	(558, 3, 18, 7, 0, '2024-08-15 03:58:22', '2024-08-15 03:58:22'),
	(559, 3, 19, 7, 1, '2024-08-15 03:58:22', '2024-08-15 03:58:22'),
	(560, 3, 20, 7, 2, '2024-08-15 03:58:22', '2024-08-15 03:58:22'),
	(561, 3, 21, 7, 0, '2024-08-15 03:58:22', '2024-08-15 03:58:22'),
	(562, 3, 22, 7, 0, '2024-08-15 03:58:22', '2024-08-15 03:58:22'),
	(563, 3, 23, 7, 1, '2024-08-15 03:58:22', '2024-08-15 03:58:22'),
	(564, 3, 24, 7, 0, '2024-08-15 03:58:22', '2024-08-15 03:58:22'),
	(565, 3, 25, 7, 3, '2024-08-15 03:58:22', '2024-08-15 03:58:22'),
	(566, 3, 26, 7, 0, '2024-08-15 03:58:22', '2024-08-15 03:58:22'),
	(567, 3, 27, 7, 1, '2024-08-15 03:58:22', '2024-08-15 03:58:22');

-- Dumping structure for table pa_maps1.kecamatans
CREATE TABLE IF NOT EXISTS `kecamatans` (
  `id` bigint unsigned NOT NULL AUTO_INCREMENT,
  `nama_kecamatan` varchar(255) COLLATE utf8mb4_unicode_ci NOT NULL,
  `created_at` timestamp NULL DEFAULT NULL,
  `updated_at` timestamp NULL DEFAULT NULL,
  PRIMARY KEY (`id`)
) ENGINE=InnoDB AUTO_INCREMENT=30 DEFAULT CHARSET=utf8mb4 COLLATE=utf8mb4_unicode_ci;

-- Dumping data for table pa_maps1.kecamatans: ~27 rows (approximately)
INSERT INTO `kecamatans` (`id`, `nama_kecamatan`, `created_at`, `updated_at`) VALUES
	(1, 'Sukorame', '2024-08-12 08:12:41', '2024-08-12 08:12:43'),
	(2, 'Bluluk', '2024-08-12 08:12:52', '2024-08-12 08:12:53'),
	(3, 'Ngimbang', '2024-08-12 08:13:01', '2024-08-12 08:13:02'),
	(4, 'Sambeng', '2024-08-12 08:13:12', '2024-08-12 08:13:12'),
	(5, 'Mantup', '2024-08-12 08:13:21', '2024-08-12 08:13:22'),
	(6, 'Kembangbahu', '2024-08-12 08:13:33', '2024-08-12 08:13:34'),
	(7, 'Sugio', '2024-08-12 08:14:07', '2024-08-12 08:14:08'),
	(8, 'Kedungpring', '2024-08-12 08:14:19', '2024-08-12 08:14:20'),
	(9, 'Modo', '2024-08-12 08:14:29', '2024-08-12 08:14:30'),
	(10, 'Babat', '2024-08-12 08:14:39', '2024-08-12 08:14:40'),
	(11, 'Pucuk', '2024-08-12 08:14:48', '2024-08-12 08:14:49'),
	(12, 'Sukodadi', '2024-08-12 08:15:00', '2024-08-12 08:15:01'),
	(13, 'Lamongan', '2024-08-12 08:15:12', '2024-08-12 08:15:13'),
	(14, 'Tikung', '2024-08-12 08:15:25', '2024-08-12 08:15:26'),
	(15, 'Sarirejo', '2024-08-12 08:15:49', '2024-08-12 08:15:50'),
	(16, 'Deket', '2024-08-12 08:16:05', '2024-08-12 08:16:06'),
	(17, 'Glagah', '2024-08-12 08:16:15', '2024-08-12 08:16:16'),
	(18, 'Karangbinangun', '2024-08-12 08:16:31', '2024-08-12 08:16:32'),
	(19, 'Kalitengah', '2024-08-12 08:16:44', '2024-08-12 08:16:45'),
	(20, 'Turi', '2024-08-12 08:16:57', '2024-08-12 08:16:57'),
	(21, 'Karanggeneng', '2024-08-12 08:17:10', '2024-08-12 08:17:54'),
	(22, 'Sekaran', '2024-08-12 08:18:12', '2024-08-12 08:18:13'),
	(23, 'Maduran', '2024-08-12 08:18:29', '2024-08-12 08:18:30'),
	(24, 'Laren', '2024-08-13 12:53:56', '2024-08-13 12:53:57'),
	(25, 'Solokuro', '2024-08-12 08:19:00', '2024-08-12 08:19:01'),
	(26, 'Paciran', '2024-08-12 08:19:16', '2024-08-12 08:19:17'),
	(27, 'Brondong', '2024-08-12 08:19:27', '2024-08-12 08:19:27');

-- Dumping structure for table pa_maps1.maps_penyakits
CREATE TABLE IF NOT EXISTS `maps_penyakits` (
  `id` bigint unsigned NOT NULL AUTO_INCREMENT,
  `tahun_id` bigint unsigned NOT NULL,
  `penyakit_id` bigint unsigned NOT NULL,
  `link_metabase` varchar(255) COLLATE utf8mb4_unicode_ci NOT NULL,
  `created_at` timestamp NULL DEFAULT NULL,
  `updated_at` timestamp NULL DEFAULT NULL,
  PRIMARY KEY (`id`),
  KEY `maps_penyakits_tahun_id_foreign` (`tahun_id`),
  KEY `maps_penyakits_penyakit_id_foreign` (`penyakit_id`),
  CONSTRAINT `maps_penyakits_penyakit_id_foreign` FOREIGN KEY (`penyakit_id`) REFERENCES `penyakits` (`id`) ON DELETE CASCADE,
  CONSTRAINT `maps_penyakits_tahun_id_foreign` FOREIGN KEY (`tahun_id`) REFERENCES `tahuns` (`id`) ON DELETE CASCADE
) ENGINE=InnoDB AUTO_INCREMENT=22 DEFAULT CHARSET=utf8mb4 COLLATE=utf8mb4_unicode_ci;

-- Dumping data for table pa_maps1.maps_penyakits: ~17 rows (approximately)
INSERT INTO `maps_penyakits` (`id`, `tahun_id`, `penyakit_id`, `link_metabase`, `created_at`, `updated_at`) VALUES
	(1, 1, 1, 'http://localhost:3000/public/question/a49bdb57-7d82-4c25-a3c6-f2ac4f4b4606', '2024-08-17 15:04:25', '2024-08-17 15:04:25'),
	(2, 1, 2, 'http://localhost:3000/public/question/f7cfd489-f9eb-42f7-88aa-a36377697787', '2024-08-17 15:04:46', '2024-08-17 15:04:47'),
	(3, 1, 3, 'http://localhost:3000/public/question/b556118b-f908-4210-b8f8-d49f4dc68e28', '2024-08-17 15:05:07', '2024-08-17 15:05:08'),
	(4, 1, 4, 'http://localhost:3000/public/question/e8f4634a-7508-4093-b5de-30a061a37b6f', '2024-08-17 15:05:28', '2024-08-17 15:05:29'),
	(5, 1, 5, 'http://localhost:3000/public/question/d1dd22b2-7325-4c2b-8c71-40a6b3628aef', '2024-08-17 15:57:27', '2024-08-17 15:57:29'),
	(6, 1, 6, 'http://localhost:3000/public/question/67d0f68a-40a4-421d-9070-fdf396cce965', '2024-08-17 16:02:46', '2024-08-17 16:02:49'),
	(7, 1, 7, 'http://localhost:3000/public/question/c8f84964-7a65-47f3-b785-dbcca4e961d2', '2024-08-17 16:06:02', '2024-08-17 16:06:04'),
	(8, 2, 1, 'http://localhost:3000/public/question/86570d56-cda2-4847-9a27-ca5fe3242a22', '2024-08-17 16:24:11', '2024-08-17 16:24:14'),
	(9, 2, 2, 'http://localhost:3000/public/question/9dc24b9d-0679-4ba3-b7d5-c94525f51287', '2024-08-17 16:33:02', '2024-08-17 16:32:59'),
	(10, 2, 3, 'http://localhost:3000/public/question/9c94e858-cc00-4fe8-af04-838c1939759e', '2024-08-17 16:33:32', '2024-08-17 16:33:34'),
	(11, 2, 4, 'http://localhost:3000/public/question/fd3b05c7-37e0-443d-bb29-0250144c61d1', '2024-08-17 16:38:39', '2024-08-17 16:38:41'),
	(12, 2, 5, 'http://localhost:3000/public/question/f7586458-7cb2-4b2b-bf61-3fe625d91e28', '2024-08-17 16:45:06', '2024-08-17 16:45:06'),
	(13, 2, 6, 'http://localhost:3000/public/question/f2972e65-d586-45a3-972a-19d76065cec3', '2024-08-17 16:46:27', '2024-08-17 16:46:28'),
	(14, 2, 7, 'http://localhost:3000/public/question/25b790d6-833a-48e6-bf76-b3c60ef02cc5', '2024-08-17 16:51:15', '2024-08-17 16:51:16'),
	(15, 3, 1, 'http://localhost:3000/public/question/2e0b7a7a-b1a6-4b50-ab37-6863305d7fcf', '2024-08-17 16:57:47', '2024-08-17 16:57:49'),
	(16, 3, 2, 'http://localhost:3000/public/question/862a9a92-e60f-4668-a922-99486a35862f', '2024-08-17 16:59:14', '2024-08-17 16:59:13'),
	(17, 3, 3, 'http://localhost:3000/public/question/ca71f2ad-a2c5-4e90-8d58-283775fc3304', '2024-08-17 17:03:25', '2024-08-17 17:03:27'),
	(18, 3, 4, 'http://localhost:3000/public/question/682b3237-429a-40fc-98a7-221c6a79e3a2', '2024-08-17 17:04:31', '2024-08-17 17:04:33'),
	(19, 3, 5, 'http://localhost:3000/public/question/680151c1-ce4e-4581-a22d-2228f7998cb8', '2024-08-18 03:58:17', '2024-08-18 03:58:19'),
	(20, 3, 6, 'http://localhost:3000/public/question/b61627fc-484c-4c5c-84a3-fa21726f6065', '2024-08-18 04:02:53', '2024-08-18 04:02:52'),
	(21, 3, 7, 'http://localhost:3000/public/question/6edac2ff-99b7-46a7-a932-c6d8e08cbc59', '2024-08-18 04:11:06', '2024-08-18 04:11:08');

-- Dumping structure for table pa_maps1.migrations
CREATE TABLE IF NOT EXISTS `migrations` (
  `id` int unsigned NOT NULL AUTO_INCREMENT,
  `migration` varchar(255) COLLATE utf8mb4_unicode_ci NOT NULL,
  `batch` int NOT NULL,
  PRIMARY KEY (`id`)
) ENGINE=InnoDB AUTO_INCREMENT=13 DEFAULT CHARSET=utf8mb4 COLLATE=utf8mb4_unicode_ci;

-- Dumping data for table pa_maps1.migrations: ~9 rows (approximately)
INSERT INTO `migrations` (`id`, `migration`, `batch`) VALUES
	(1, '2014_10_12_000000_create_users_table', 1),
	(2, '2014_10_12_100000_create_password_reset_tokens_table', 1),
	(3, '2019_08_19_000000_create_failed_jobs_table', 1),
	(4, '2019_12_14_000001_create_personal_access_tokens_table', 1),
	(5, '2024_08_12_043335_create_tahuns_table', 2),
	(6, '2024_08_12_043402_create_penyakits_table', 2),
	(7, '2024_08_12_043435_create_kecamatans_table', 2),
	(8, '2024_08_12_043647_create_penduduks_table', 2),
	(9, '2024_08_12_044228_create_kasus_penyakits_table', 2),
	(11, '2024_08_17_150304_create_maps_penyakits_table', 3),
	(12, '2024_08_18_041604_add_column_to_tahuns_table', 4);

-- Dumping structure for table pa_maps1.password_reset_tokens
CREATE TABLE IF NOT EXISTS `password_reset_tokens` (
  `email` varchar(255) COLLATE utf8mb4_unicode_ci NOT NULL,
  `token` varchar(255) COLLATE utf8mb4_unicode_ci NOT NULL,
  `created_at` timestamp NULL DEFAULT NULL,
  PRIMARY KEY (`email`)
) ENGINE=InnoDB DEFAULT CHARSET=utf8mb4 COLLATE=utf8mb4_unicode_ci;

-- Dumping data for table pa_maps1.password_reset_tokens: ~0 rows (approximately)

-- Dumping structure for table pa_maps1.penduduks
CREATE TABLE IF NOT EXISTS `penduduks` (
  `id` bigint unsigned NOT NULL AUTO_INCREMENT,
  `tahun_id` bigint unsigned NOT NULL,
  `kecamatan_id` bigint unsigned NOT NULL,
  `jumlah_penduduk` int NOT NULL,
  `created_at` timestamp NULL DEFAULT NULL,
  `updated_at` timestamp NULL DEFAULT NULL,
  PRIMARY KEY (`id`),
  KEY `penduduks_tahun_id_foreign` (`tahun_id`),
  KEY `penduduks_kecamatan_id_foreign` (`kecamatan_id`),
  CONSTRAINT `penduduks_kecamatan_id_foreign` FOREIGN KEY (`kecamatan_id`) REFERENCES `kecamatans` (`id`) ON DELETE CASCADE,
  CONSTRAINT `penduduks_tahun_id_foreign` FOREIGN KEY (`tahun_id`) REFERENCES `tahuns` (`id`) ON DELETE CASCADE
) ENGINE=InnoDB AUTO_INCREMENT=84 DEFAULT CHARSET=utf8mb4 COLLATE=utf8mb4_unicode_ci;

-- Dumping data for table pa_maps1.penduduks: ~75 rows (approximately)
INSERT INTO `penduduks` (`id`, `tahun_id`, `kecamatan_id`, `jumlah_penduduk`, `created_at`, `updated_at`) VALUES
	(1, 1, 1, 20447, '2024-08-13 08:09:20', '2024-08-13 05:18:03'),
	(2, 1, 2, 22318, '2024-08-13 01:37:14', '2024-08-13 05:21:43'),
	(3, 1, 3, 46261, '2024-08-13 05:22:03', '2024-08-13 05:22:03'),
	(4, 1, 4, 46816, '2024-08-13 05:22:38', '2024-08-13 05:22:38'),
	(5, 1, 5, 44314, '2024-08-13 05:23:13', '2024-08-13 05:23:13'),
	(6, 1, 6, 47500, '2024-08-13 05:24:02', '2024-08-13 05:24:02'),
	(7, 1, 7, 53699, '2024-08-13 05:27:54', '2024-08-13 05:27:54'),
	(8, 1, 8, 47618, '2024-08-13 05:28:39', '2024-08-13 05:28:39'),
	(9, 1, 9, 44572, '2024-08-13 12:30:57', '2024-08-13 12:30:58'),
	(10, 1, 10, 74402, '2024-08-13 12:36:37', '2024-08-13 12:36:39'),
	(11, 1, 11, 35179, '2024-08-13 12:36:38', '2024-08-13 12:36:41'),
	(13, 1, 12, 51794, '2024-08-13 05:37:50', '2024-08-13 05:37:50'),
	(14, 1, 13, 71369, '2024-08-13 05:38:12', '2024-08-13 05:38:12'),
	(15, 1, 14, 45254, '2024-08-13 05:44:33', '2024-08-13 05:44:33'),
	(16, 1, 15, 22881, '2024-08-13 05:44:48', '2024-08-13 05:44:48'),
	(17, 1, 16, 43229, '2024-08-13 05:45:07', '2024-08-13 05:45:07'),
	(18, 1, 17, 34425, '2024-08-13 05:45:25', '2024-08-13 05:46:12'),
	(19, 1, 18, 32355, '2024-08-13 05:45:57', '2024-08-13 05:45:57'),
	(20, 1, 19, 29205, '2024-08-13 05:46:39', '2024-08-13 05:46:39'),
	(21, 1, 20, 47733, '2024-08-13 05:47:00', '2024-08-13 05:47:00'),
	(22, 1, 21, 32884, '2024-08-13 05:47:16', '2024-08-13 05:47:16'),
	(23, 1, 22, 28661, '2024-08-13 05:47:37', '2024-08-13 05:47:37'),
	(24, 1, 23, 21351, '2024-08-13 05:48:03', '2024-08-13 05:48:03'),
	(25, 1, 24, 30807, '2024-08-13 05:49:13', '2024-08-13 05:54:56'),
	(26, 1, 25, 42315, '2024-08-13 05:55:16', '2024-08-13 05:55:16'),
	(27, 1, 26, 101416, '2024-08-13 05:55:33', '2024-08-13 05:55:33'),
	(28, 1, 27, 69575, '2024-08-13 05:55:52', '2024-08-13 05:55:52'),
	(29, 2, 1, 20980, '2024-08-13 05:57:22', '2024-08-13 05:57:22'),
	(30, 2, 2, 22386, '2024-08-13 05:57:41', '2024-08-13 05:57:41'),
	(31, 2, 3, 47666, '2024-08-13 05:58:10', '2024-08-13 05:58:10'),
	(32, 2, 4, 49122, '2024-08-13 05:58:38', '2024-08-13 05:58:38'),
	(33, 2, 5, 45479, '2024-08-13 06:19:25', '2024-08-13 06:19:25'),
	(34, 2, 6, 49235, '2024-08-13 06:19:49', '2024-08-13 06:19:49'),
	(35, 2, 7, 54684, '2024-08-13 06:21:31', '2024-08-13 06:21:31'),
	(36, 2, 8, 47577, '2024-08-13 06:23:27', '2024-08-13 06:23:27'),
	(37, 2, 9, 44884, '2024-08-13 06:24:15', '2024-08-13 06:24:15'),
	(38, 2, 10, 76258, '2024-08-13 06:24:42', '2024-08-13 06:24:42'),
	(39, 2, 11, 35338, '2024-08-13 06:25:04', '2024-08-13 06:25:04'),
	(40, 2, 12, 52258, '2024-08-13 06:25:27', '2024-08-13 06:25:27'),
	(41, 2, 13, 72769, '2024-08-13 06:26:36', '2024-08-13 06:26:36'),
	(42, 2, 14, 46599, '2024-08-13 06:30:47', '2024-08-13 06:30:47'),
	(43, 2, 15, 23509, '2024-08-13 06:31:17', '2024-08-13 06:31:17'),
	(44, 2, 16, 44891, '2024-08-13 06:31:36', '2024-08-13 06:31:36'),
	(45, 2, 17, 35282, '2024-08-13 06:32:28', '2024-08-13 06:32:28'),
	(46, 2, 18, 32714, '2024-08-13 06:32:49', '2024-08-13 06:32:49'),
	(47, 2, 19, 29180, '2024-08-13 06:33:08', '2024-08-13 06:33:08'),
	(48, 2, 20, 49010, '2024-08-13 06:35:48', '2024-08-13 06:35:48'),
	(49, 2, 21, 32405, '2024-08-13 06:36:46', '2024-08-13 06:36:46'),
	(50, 2, 22, 27994, '2024-08-13 06:37:08', '2024-08-13 06:37:08'),
	(51, 2, 23, 20695, '2024-08-13 06:37:34', '2024-08-13 06:37:34'),
	(52, 2, 24, 29411, '2024-08-13 06:37:52', '2024-08-13 06:37:52'),
	(53, 2, 25, 40982, '2024-08-13 06:38:13', '2024-08-13 06:38:13'),
	(54, 2, 26, 102431, '2024-08-13 06:38:39', '2024-08-13 06:38:39'),
	(55, 2, 27, 70698, '2024-08-13 06:39:24', '2024-08-13 06:39:24'),
	(56, 3, 1, 21010, '2024-08-13 08:09:48', '2024-08-13 08:09:48'),
	(57, 3, 2, 22419, '2024-08-13 08:10:04', '2024-08-13 08:10:04'),
	(58, 3, 3, 47739, '2024-08-13 08:10:21', '2024-08-13 08:10:21'),
	(59, 3, 4, 49197, '2024-08-13 08:10:40', '2024-08-13 08:10:40'),
	(60, 3, 5, 45548, '2024-08-13 08:10:58', '2024-08-13 08:10:58'),
	(61, 3, 6, 49310, '2024-08-13 08:11:43', '2024-08-13 08:11:43'),
	(62, 3, 7, 54766, '2024-08-13 08:11:59', '2024-08-13 08:11:59'),
	(63, 3, 8, 47649, '2024-08-13 08:12:16', '2024-08-13 08:12:16'),
	(64, 3, 9, 44952, '2024-08-13 08:12:37', '2024-08-13 08:12:37'),
	(65, 3, 10, 76372, '2024-08-13 08:13:24', '2024-08-13 08:13:24'),
	(66, 3, 11, 35391, '2024-08-13 08:13:43', '2024-08-13 08:13:43'),
	(67, 3, 12, 52336, '2024-08-13 08:13:58', '2024-08-13 08:13:58'),
	(68, 3, 13, 72880, '2024-08-13 08:14:16', '2024-08-13 08:14:16'),
	(69, 3, 14, 46670, '2024-08-13 08:14:33', '2024-08-13 08:14:33'),
	(70, 3, 15, 23545, '2024-08-13 08:15:10', '2024-08-13 08:15:10'),
	(71, 3, 16, 44958, '2024-08-13 08:16:16', '2024-08-13 08:16:16'),
	(72, 3, 17, 35335, '2024-08-13 08:16:31', '2024-08-13 08:16:31'),
	(73, 3, 18, 32763, '2024-08-13 08:17:00', '2024-08-13 08:17:00'),
	(74, 3, 19, 29225, '2024-08-13 08:17:18', '2024-08-13 08:17:18'),
	(75, 3, 20, 49085, '2024-08-13 08:17:36', '2024-08-13 08:17:36'),
	(76, 3, 21, 32454, '2024-08-13 08:17:52', '2024-08-13 08:17:52'),
	(77, 3, 22, 28037, '2024-08-13 08:18:11', '2024-08-13 08:18:11'),
	(78, 3, 23, 20726, '2024-08-13 08:18:28', '2024-08-13 08:18:28'),
	(79, 3, 24, 29456, '2024-08-13 08:18:48', '2024-08-13 08:18:48'),
	(80, 3, 25, 41044, '2024-08-13 08:19:06', '2024-08-13 08:19:06'),
	(81, 3, 26, 102585, '2024-08-13 08:19:53', '2024-08-13 08:19:53'),
	(82, 3, 27, 70805, '2024-08-13 08:20:11', '2024-08-13 08:20:11');

-- Dumping structure for table pa_maps1.penyakits
CREATE TABLE IF NOT EXISTS `penyakits` (
  `id` bigint unsigned NOT NULL AUTO_INCREMENT,
  `nama_penyakit` varchar(255) COLLATE utf8mb4_unicode_ci NOT NULL,
  `created_at` timestamp NULL DEFAULT NULL,
  `updated_at` timestamp NULL DEFAULT NULL,
  PRIMARY KEY (`id`)
) ENGINE=InnoDB AUTO_INCREMENT=9 DEFAULT CHARSET=utf8mb4 COLLATE=utf8mb4_unicode_ci;

-- Dumping data for table pa_maps1.penyakits: ~7 rows (approximately)
INSERT INTO `penyakits` (`id`, `nama_penyakit`, `created_at`, `updated_at`) VALUES
	(1, 'DBD', '2024-08-12 08:07:47', '2024-08-12 08:07:49'),
	(2, 'Malaria', '2024-08-12 08:08:16', '2024-08-12 08:08:18'),
	(3, 'Hepatitits B', '2024-08-12 08:08:30', '2024-08-12 08:08:30'),
	(4, 'Kusta', '2024-08-12 08:08:41', '2024-08-12 08:08:42'),
	(5, 'Tuberkulosis', '2024-08-12 08:08:57', '2024-08-12 08:08:58'),
	(6, 'Filariasis', '2024-08-12 08:09:10', '2024-08-12 08:09:11'),
	(7, 'Campak', '2024-08-12 08:09:22', '2024-08-12 08:09:22');

-- Dumping structure for table pa_maps1.personal_access_tokens
CREATE TABLE IF NOT EXISTS `personal_access_tokens` (
  `id` bigint unsigned NOT NULL AUTO_INCREMENT,
  `tokenable_type` varchar(255) COLLATE utf8mb4_unicode_ci NOT NULL,
  `tokenable_id` bigint unsigned NOT NULL,
  `name` varchar(255) COLLATE utf8mb4_unicode_ci NOT NULL,
  `token` varchar(64) COLLATE utf8mb4_unicode_ci NOT NULL,
  `abilities` text COLLATE utf8mb4_unicode_ci,
  `last_used_at` timestamp NULL DEFAULT NULL,
  `expires_at` timestamp NULL DEFAULT NULL,
  `created_at` timestamp NULL DEFAULT NULL,
  `updated_at` timestamp NULL DEFAULT NULL,
  PRIMARY KEY (`id`),
  UNIQUE KEY `personal_access_tokens_token_unique` (`token`),
  KEY `personal_access_tokens_tokenable_type_tokenable_id_index` (`tokenable_type`,`tokenable_id`)
) ENGINE=InnoDB DEFAULT CHARSET=utf8mb4 COLLATE=utf8mb4_unicode_ci;

-- Dumping data for table pa_maps1.personal_access_tokens: ~0 rows (approximately)

-- Dumping structure for table pa_maps1.tahuns
CREATE TABLE IF NOT EXISTS `tahuns` (
  `id` bigint unsigned NOT NULL AUTO_INCREMENT,
  `tahun` varchar(50) COLLATE utf8mb4_unicode_ci NOT NULL DEFAULT '',
  `link_metabase` varchar(255) CHARACTER SET utf8mb4 COLLATE utf8mb4_unicode_ci DEFAULT NULL,
  `created_at` timestamp NULL DEFAULT NULL,
  `updated_at` timestamp NULL DEFAULT NULL,
  PRIMARY KEY (`id`)
) ENGINE=InnoDB AUTO_INCREMENT=8 DEFAULT CHARSET=utf8mb4 COLLATE=utf8mb4_unicode_ci;

-- Dumping data for table pa_maps1.tahuns: ~6 rows (approximately)
INSERT INTO `tahuns` (`id`, `tahun`, `link_metabase`, `created_at`, `updated_at`) VALUES
	(1, '2020', 'http://localhost:3000/public/question/f7dadd33-5213-4248-a1cd-223442ec80c3', '2024-08-12 07:57:30', '2024-08-12 07:57:31'),
	(2, '2021', 'http://localhost:3000/public/question/690e6530-90a9-4777-9314-12537b976086', '2024-08-12 07:59:21', '2024-08-12 07:59:22'),
	(3, '2022', 'http://localhost:3000/public/question/12f0a09e-5638-4bd7-8904-18ae3864fb05', '2024-08-12 07:59:45', '2024-08-12 07:59:46'),
	(4, '2023', '', '2024-08-15 18:54:29', '2024-08-15 18:54:29'),
	(5, '2024', NULL, '2024-08-18 06:03:16', '2024-08-18 06:03:17'),
	(6, '2025', NULL, '2024-08-18 06:03:46', '2024-08-18 06:03:47');

-- Dumping structure for table pa_maps1.users
CREATE TABLE IF NOT EXISTS `users` (
  `id` bigint unsigned NOT NULL AUTO_INCREMENT,
  `name` varchar(255) COLLATE utf8mb4_unicode_ci NOT NULL,
  `email` varchar(255) COLLATE utf8mb4_unicode_ci NOT NULL,
  `email_verified_at` timestamp NULL DEFAULT NULL,
  `phone` varchar(255) COLLATE utf8mb4_unicode_ci NOT NULL COMMENT 'phone cannot be empty',
  `password` varchar(255) COLLATE utf8mb4_unicode_ci NOT NULL,
  `role` tinyint(1) NOT NULL DEFAULT '0',
  `remember_token` varchar(100) COLLATE utf8mb4_unicode_ci DEFAULT NULL,
  `created_at` timestamp NULL DEFAULT NULL,
  `updated_at` timestamp NULL DEFAULT NULL,
  PRIMARY KEY (`id`),
  UNIQUE KEY `users_email_unique` (`email`),
  UNIQUE KEY `users_phone_unique` (`phone`)
) ENGINE=InnoDB AUTO_INCREMENT=9 DEFAULT CHARSET=utf8mb4 COLLATE=utf8mb4_unicode_ci;

-- Dumping data for table pa_maps1.users: ~6 rows (approximately)
INSERT INTO `users` (`id`, `name`, `email`, `email_verified_at`, `phone`, `password`, `role`, `remember_token`, `created_at`, `updated_at`) VALUES
	(1, 'Admin', 'shintiadewi789@gmail.com', '2024-08-11 04:23:36', '085806819449', '$2y$12$ply.3Sp5o5d8aHh9yUm0Ze30A.NO0EtkzeRRcXrRa89riHLdS4ZxC', 1, NULL, '2024-08-11 04:23:20', '2024-08-11 04:23:36'),
	(3, 'Shintia Dewi', 'shintiaaa789@gmail.com', '2024-08-12 02:00:16', '085706736122', '$2y$12$oxnEQrDV0Z7A2QLnjeDrVeccmdmg7AGIPi6fCKLn1y4Z8.xxrmxIC', 0, NULL, '2024-08-12 01:59:57', '2024-08-12 02:00:16'),
	(4, 'Waridatul Jannah', 'waridatuljannah00@gmail.com', '2024-08-15 05:08:22', '085755351793', '$2y$12$sHYDsjGWy88Ikpw81ac96uWT92RtRdExEoCvltloPItc8sJgeefvK', 0, NULL, '2024-08-14 22:08:11', '2024-08-14 22:08:11'),
	(5, 'Dewi Wulansari', 'dewiwlnans@gmail.com', '2024-08-14 23:58:24', '081913008265', '$2y$12$15pP4WaXE3ewnV5WQGy/I.fRWXzcIYlTQ8LBnj7QGhGGJlyKzHzIC', 0, NULL, '2024-08-14 23:55:41', '2024-08-14 23:58:24'),
	(6, 'Izzamuddin Royhul Firdaus', 'izzamooe@gmail.com', NULL, '085174453540', '$2y$12$Lxexcgfcab2Ft5GLZOaVf.MY48ilIs0rxZCKcHzSJ3FyKL9AtGJ4W', 0, NULL, '2024-08-15 00:21:12', '2024-08-15 00:21:12'),
	(7, 'Adila Issahadi Putri', 'adilaissahadi473@gmail.com', '2024-08-15 07:41:26', '081216772741', '$2y$12$m3LDhwzkroKk2Ec/RBlcnOIq/6hqwzlgX4w6XobHVIEFGBqpIepLm', 0, NULL, '2024-08-15 00:26:35', '2024-08-15 00:26:35'),
	(8, 'Nana', 'hmmtesting76@gmail.com', NULL, '085737183676', '$2y$12$l6nN2OhZj6SCVC7P/rEHYeWK7bGbeGYQ/QUlwZtZi3Tfez86YJofm', 0, NULL, '2024-08-15 00:49:28', '2024-08-15 00:49:28');

/*!40103 SET TIME_ZONE=IFNULL(@OLD_TIME_ZONE, 'system') */;
/*!40101 SET SQL_MODE=IFNULL(@OLD_SQL_MODE, '') */;
/*!40014 SET FOREIGN_KEY_CHECKS=IFNULL(@OLD_FOREIGN_KEY_CHECKS, 1) */;
/*!40101 SET CHARACTER_SET_CLIENT=@OLD_CHARACTER_SET_CLIENT */;
/*!40111 SET SQL_NOTES=IFNULL(@OLD_SQL_NOTES, 1) */;
